Statement Limit,Policy Generation Type,Statement
20,base,Do nothing.
20,base,"objective: establish a healthcare accessibility index to measure progress in reducing barriers to care by 2024, strategy: develop a collaborative framework with local governments and health organizations to assess and report on accessibility metrics annually."
20,base,"objective: increase the adoption of affordable telemedicine services by 50% among low-income families by mid-2025, strategy: subsidize telehealth services and promote awareness through community outreach and partnerships with local healthcare providers."
20,base,"objective: decrease the percentage of uninsured individuals in the population to below 10% by the end of 2025, strategy: expand medicaid eligibility and streamline enrollment processes to increase accessibility for low-income families."
20,base,"objective: achieve a 15% reduction in healthcare disparities among racial and ethnic minority groups by 2026, strategy: implement targeted outreach programs that connect these communities with available healthcare resources and services."
20,base,"objective: increase the number of community health clinics in underserved areas by 50% by 2026, strategy: provide federal grants and incentives to non-profit organizations to establish and operate clinics in high-need regions."
20,base,"objective: improve health literacy among populations with limited access to healthcare by 40% within two years, strategy: launch a nationwide educational campaign focused on understanding health insurance options and navigating healthcare systems."
20,base,"objective: increase the percentage of preventive health screenings among low-income populations to 75% by 2025, strategy: partner with local organizations to provide free or low-cost health screening events in community centers and schools."
20,base,"objective: lower the average cost of prescription medications by 20% for low-income households by the end of 2024, strategy: negotiate bulk purchasing agreements for essential medications through a public pharmacy initiative."
20,base,"objective: enhance access to mental health services for low-income individuals by 25% by 2025, strategy: expand telehealth offerings and subsidize mental health services through partnerships with community organizations."
20,base,"objective: reduce out-of-pocket healthcare expenses for low-income families by 30% within three years, strategy: implement a sliding scale co-pay system based on income levels for essential healthcare services."
20,chaining,Do nothing.
20,chaining,"objective: increase the number of healthcare professionals serving in underserved areas by 30% by 2027, strategy: create loan forgiveness programs for medical and nursing graduates who commit to practicing in low-access regions."
20,chaining,"objective: achieve a 20% reduction in emergency room visits due to preventable conditions by 2025, strategy: establish community health worker programs that provide education and support for managing chronic diseases at home."
20,chaining,"objective: increase the percentage of individuals receiving preventive care services to 75% by 2025, strategy: provide incentives for healthcare providers to prioritize and promote preventive services through value-based care models."
20,chaining,"objective: ensure that 90% of children under 18 have access to affordable healthcare by 2025, strategy: implement a national initiative to expand children's health insurance programs and improve enrollment processes for eligible families."
20,chaining,"objective: increase the availability of affordable prescription medications by 30% by 2026, strategy: implement bulk purchasing agreements and negotiate drug prices with pharmaceutical companies to lower costs for consumers."
20,chaining,"objective: achieve a 40% increase in the utilization of preventive healthcare services among low-income populations by 2025, strategy: launch community health campaigns that promote free health screenings and vaccinations in collaboration with local organizations."
20,chaining,"objective: reduce the percentage of adults living without health insurance to below 5% by 2026, strategy: implement automatic enrollment processes for eligible individuals in public health insurance programs to simplify access."
20,chaining,"objective: expand access to affordable dental care for low-income families by 40% by 2025, strategy: collaborate with dental schools to provide subsidized care through student-led clinics in underserved neighborhoods."
20,chaining,"objective: decrease the average cost of health insurance premiums for low-income families by 30% by 2026, strategy: establish state-based reinsurance programs to help stabilize the insurance market and reduce costs for consumers."
20,chaining,"objective: ensure that 85% of employers offer affordable healthcare options to their employees by 2026, strategy: introduce tax credits for small businesses that provide comprehensive health insurance plans to their workers."
20,chaining,"objective: increase access to mental health services for low-income individuals by 50% by 2026, strategy: fund and establish community-based mental health programs that offer sliding scale fees and integrated care services."
20,chaining,"objective: achieve a 50% increase in the number of individuals participating in health insurance marketplaces by 2025, strategy: launch a nationwide awareness campaign that educates citizens on the benefits and availability of health insurance options."
20,chaining,"objective: increase the number of community health centers by 50% in urban and rural areas by 2025, strategy: allocate federal funding and tax incentives to support the establishment and expansion of community health centers in underserved communities."
20,chaining,"objective: reduce out-of-pocket healthcare expenses for low-income families by 30% by 2025, strategy: create a sliding scale subsidy program that adjusts healthcare costs based on income levels and family size."
20,chaining,"objective: reduce the average wait time for primary care appointments to less than one week by 2026, strategy: implement a national training program for nurse practitioners and physician assistants to increase their roles in primary care settings."
20,chaining,"objective: ensure that at least 80% of rural residents have access to affordable healthcare services by 2027, strategy: develop telehealth initiatives and incentivize healthcare providers to establish clinics in underserved areas."
20,chaining,"objective: reduce healthcare disparities among minority populations by 25% by 2027, strategy: invest in culturally competent healthcare training for providers and increase funding for health initiatives targeting underserved communities."
20,chaining,"objective: enhance the affordability of mental health services for youth by 50% by 2026, strategy: partner with schools to integrate mental health resources and counselors into educational settings, providing free or low-cost services."
20,chaining,"objective: decrease the number of medical bankruptcies in the country by 50% by 2028, strategy: implement comprehensive consumer protection regulations that limit out-of-pocket costs and provide clearer billing practices for patients."
20,chaining,"objective: increase the percentage of uninsured individuals who gain access to affordable healthcare to 95% by 2026, strategy: expand medicaid eligibility and implement outreach programs to educate communities about available healthcare options."
20,axis,Do nothing.
20,axis,"objective: increase the percentage of low-income individuals receiving preventive care by 35% within two years, strategy: implement a mobile health unit that travels to underserved neighborhoods to provide free preventive screenings and health education."
20,axis,"objective: reduce the incidence of chronic diseases related to lack of access to healthcare by 25% over the next five years, strategy: implement community-based health promotion programs that focus on nutrition, exercise, and preventive care."
20,axis,"objective: reduce out-of-pocket healthcare expenses for low-income families by 30% over the next four years, strategy: implement a sliding scale fee structure for community health clinics and incentivize pharmaceutical companies to offer discounted medications."
20,axis,"objective: improve maternal health outcomes for low-income women by 30% within four years, strategy: implement a comprehensive prenatal and postnatal care program that includes home visits, education, and support services tailored to high-risk populations."
20,axis,"objective: raise awareness of available healthcare resources among immigrant populations by 50% within one year, strategy: launch a multilingual outreach campaign utilizing community leaders and local organizations to disseminate information on healthcare services."
20,axis,"objective: achieve a 50% increase in preventive health screenings among vulnerable populations within two years, strategy: create partnerships with local organizations to offer free or low-cost health screening events and educational workshops."
20,axis,"objective: improve transportation access to healthcare facilities for low-income individuals by 50% within three years, strategy: collaborate with public transportation systems to create subsidized transit passes specifically for medical appointments."
20,axis,"objective: expand access to affordable dental care by 40% within three years, strategy: develop mobile dental clinics and partnerships with dental schools to provide services to low-income communities."
20,axis,"objective: enhance health literacy among low-income populations by 50% within three years, strategy: launch a comprehensive public awareness campaign focused on understanding health insurance options and navigating the healthcare system."
20,axis,"objective: decrease the rate of emergency room visits for non-emergency issues by 20% within three years, strategy: establish community health hubs that provide urgent care services and health education to reduce reliance on emergency care."
20,axis,"objective: reduce the prevalence of food insecurity among low-income families by 25% within four years, strategy: create partnerships with local farms and food banks to provide free or low-cost fresh produce and nutrition education in healthcare settings."
20,axis,"objective: increase the availability of telehealth services by 40% in underserved areas within three years, strategy: partner with technology providers to subsidize telehealth platforms and provide training for healthcare professionals."
20,axis,"objective: increase health insurance coverage rates for children by 20% within two years, strategy: launch a targeted enrollment campaign in schools and community centers to raise awareness of available child health programs."
20,axis,"objective: increase the number of community health workers in underserved areas by 30% within three years, strategy: develop training programs and career pathways for community members to become certified health workers, focusing on local healthcare needs."
20,axis,"objective: increase the number of primary care providers in rural areas by 20% within five years, strategy: establish loan forgiveness and scholarship programs for medical students who commit to practice in these regions."
20,axis,"objective: improve access to affordable prescription medications for low-income individuals by 30% within three years, strategy: create a state-funded program that negotiates drug prices and provides a discount card for eligible low-income residents."
20,axis,"objective: decrease the number of uninsured individuals by 25% within five years, strategy: expand eligibility and outreach for existing medicaid programs and develop community-based enrollment initiatives."
20,axis,"objective: increase the number of preventive health education workshops offered in community centers by 60% within two years, strategy: partner with local health departments and organizations to deliver culturally relevant health education tailored to community needs."
20,axis,"objective: improve mental health service access by 30% in urban low-income neighborhoods within four years, strategy: integrate mental health services into primary care settings and offer training for primary care providers in mental health care."
20,axis,"objective: enhance access to affordable mental health services for adolescents by 40% within two years, strategy: establish school-based mental health programs that provide on-site counseling and support services."
20,stakeholder,Do nothing.
20,stakeholder,"objective: reduce hospital readmission rates for chronic conditions by 15% within three years, strategy: develop a comprehensive care coordination program that connects patients with community resources and follow-up care post-discharge."
20,stakeholder,"objective: increase the number of community health clinics by 25% in underserved areas within three years, strategy: allocate federal funding to support the establishment and operation of these clinics, prioritizing areas with the greatest need."
20,stakeholder,"objective: increase the percentage of employers offering affordable health insurance to employees to 70% within five years, strategy: create tax incentives for small businesses that provide health insurance coverage and participate in wellness programs."
20,stakeholder,"objective: achieve a 25% reduction in transportation barriers for healthcare access among low-income patients within two years, strategy: develop a community ride-sharing program specifically for medical appointments, funded through public-private partnerships."
20,stakeholder,"objective: ensure that 85% of low-income individuals have access to preventive healthcare services within five years, strategy: create partnerships between public health departments and local organizations to offer free or low-cost preventive services in community settings."
20,stakeholder,"objective: ensure that 75% of patients have access to their health records electronically within two years, strategy: promote the adoption of interoperable electronic health record systems that facilitate patient access while ensuring data privacy and security."
20,stakeholder,"objective: increase access to affordable mental health resources by 30% in urban areas within three years, strategy: establish community-based mental health partnerships that provide sliding-scale fees and promote awareness of available services."
20,stakeholder,"objective: increase the engagement of patients in their own health management by 50% within three years, strategy: launch a national initiative to provide personalized health coaching and digital tools that empower patients to set and achieve their health goals."
20,stakeholder,"objective: achieve a 50% increase in health insurance enrollment among eligible children within three years, strategy: implement targeted outreach initiatives in schools and community centers to educate families about available children's health insurance programs."
20,stakeholder,"objective: lower prescription drug costs by 30% for low-income families within five years, strategy: implement a price negotiation policy for essential medications and establish a public drug affordability board."
20,stakeholder,"objective: increase the availability of telehealth services by 50% in rural areas within two years, strategy: provide incentives for healthcare providers to adopt telehealth technologies and collaborate with local governments to improve internet infrastructure."
20,stakeholder,"objective: improve health outcomes by ensuring 90% of patients receive culturally competent care within four years, strategy: implement mandatory training programs for healthcare providers on cultural competence and sensitivity to diverse patient backgrounds."
20,stakeholder,"objective: increase the use of patient-centered care practices across healthcare facilities by 40% within five years, strategy: implement a certification program for healthcare institutions that promotes shared decision-making and patient involvement in care plans."
20,stakeholder,"objective: improve health insurance literacy among the population by 40% within four years, strategy: launch a national educational campaign focused on health insurance options, benefits, and enrollment processes through community organizations and schools."
20,stakeholder,"objective: decrease the uninsured rate by 20% among low-income populations within three years, strategy: expand medicaid eligibility in states that have not yet adopted the program and enhance outreach efforts to inform eligible individuals."
20,stakeholder,"objective: foster innovation in healthcare delivery to improve patient access, targeting a 50% increase in pilot programs for new care models within three years, strategy: provide grants for healthcare organizations to develop and test innovative patient-centered care initiatives that address specific community needs."
20,stakeholder,"objective: enhance the transparency of healthcare pricing for patients, aiming for 80% of medical facilities to disclose their prices publicly within three years, strategy: establish regulations that require all healthcare providers to post clear and accessible pricing information for common procedures and services."
20,stakeholder,"objective: achieve a 20% increase in telehealth utilization among patients with chronic illnesses within two years, strategy: develop a public awareness campaign highlighting the benefits of telehealth and provide resources for patients to access virtual care easily."
20,stakeholder,"objective: enhance mental health service access by 40% within four years, strategy: integrate mental health services into primary care settings and provide training for primary care providers to address mental health needs."
20,stakeholder,"objective: improve the rate of preventive screenings among underserved populations by 30% within four years, strategy: create mobile health units that offer free screenings and health education in high-need areas, coordinated with local health organizations."
20,problem,Do nothing.
20,problem,"objective: reduce out-of-pocket costs for prescription medications by 30% for low-income families within three years, strategy: establish a state-funded prescription assistance program that partners with local pharmacies to provide discounted medications."
20,problem,"objective: develop a centralized digital platform for prescription drug affordability resources that serves at least 500,000 users within two years, strategy: collaborate with academic institutions to create and promote an interactive online tool that aggregates information about assistance programs, discounts, and low-cost alternatives."
20,problem,"objective: expand telehealth services to cover 80% of rural communities within two years, strategy: provide grants to healthcare providers for the development and implementation of telehealth technology."
20,problem,"objective: increase the number of healthcare professionals in underserved areas by 25% within five years, strategy: offer student loan forgiveness and scholarships to medical and nursing students who commit to working in these communities."
20,problem,"objective: ensure that 75% of community health workers are trained in medication affordability resources within three years, strategy: develop a training program that equips community health workers with the knowledge to assist patients in navigating prescription assistance options."
20,problem,"objective: increase the availability of mental health services by 40% within three years, strategy: introduce incentives for healthcare providers to offer affordable mental health care in primary care settings."
20,problem,"objective: increase the utilization of patient assistance programs by 50% within two years, strategy: collaborate with nonprofit organizations to launch a comprehensive awareness campaign that educates patients about available resources for affordable medications."
20,problem,"objective: increase the proportion of patients receiving medication counseling at the point of sale by 30% within three years, strategy: incentivize pharmacies to employ trained medication counselors who can assist patients in understanding their options for affordable medications."
20,problem,"objective: increase the number of individuals with health insurance coverage by 30% within five years, strategy: expand public health insurance options and enhance outreach programs to underserved communities."
20,problem,"objective: increase the availability of affordable generic medications by 40% within five years, strategy: foster partnerships between pharmaceutical companies and community clinics to streamline the production and distribution of generics."
20,problem,"objective: achieve a 20% reduction in the average co-payment for essential medications among low-income patients within four years, strategy: implement a tiered co-payment model for insurance plans that prioritizes affordable access to critical medications."
20,problem,"objective: decrease prescription drug costs by 20% for low-income populations within two years, strategy: negotiate bulk purchasing agreements with pharmaceutical companies and promote the use of generic medications."
20,problem,"objective: improve access to preventative healthcare services for 1 million uninsured individuals within four years, strategy: launch mobile health clinics that provide free screenings and vaccinations in high-need areas."
20,problem,"objective: reduce out-of-pocket healthcare costs for low-income families by 25% over the next three years, strategy: implement sliding-scale co-payment models and increase funding for community health centers."
20,problem,"objective: enhance health literacy among 50% of low-income populations within three years, strategy: develop and distribute culturally relevant health education materials through community organizations and local media."
20,problem,"objective: improve transparency in drug pricing by requiring 80% of healthcare providers to disclose medication costs to patients before prescriptions are filled within two years, strategy: mandate that providers utilize a standardized pricing tool that enables patients to compare medication costs across different pharmacies."
20,problem,"objective: ensure that 90% of low-income households have access to affordable dental care within four years, strategy: fund community dental clinics and provide outreach programs to inform families about available services."
20,problem,"objective: reduce the number of uninsured individuals facing high prescription costs by 25% within three years, strategy: expand enrollment outreach initiatives for state medicaid programs that cover prescription drugs in underserved communities."
20,problem,"objective: reduce the number of hospitalizations due to preventable conditions by 15% over five years, strategy: establish community-based health education programs focusing on chronic disease management and wellness."
20,problem,"objective: enhance collaboration between advocacy groups and pharmaceutical companies to support legislation that caps out-of-pocket costs for essential medications by 50% within four years, strategy: organize joint lobbying efforts and public awareness campaigns to drive policy change at the state and national levels."
50,base,Do nothing.
50,base,"objective: enhance the availability of primary care services in underserved communities by establishing 500 new community health centers in the next four years, strategy: allocate federal funding and incentivize private partnerships to develop and staff these health facilities."
50,base,"objective: achieve a 40% increase in telehealth service utilization among rural populations within two years, strategy: expand broadband internet access and provide financial incentives to healthcare providers for offering telehealth services."
50,base,"objective: improve health literacy among low-income populations by increasing the number of individuals who can navigate healthcare systems effectively by 50% in two years, strategy: launch community-based education programs that focus on healthcare rights, insurance options, and available resources."
50,base,"objective: reduce the healthcare cost burden on low-income families by establishing a comprehensive health insurance marketplace, aiming for 1 million enrollments in the first year, strategy: collaborate with non-profits and community organizations to provide enrollment assistance and outreach to target populations."
50,base,"objective: increase the percentage of uninsured individuals who gain access to affordable healthcare to 90% within the next five years, strategy: expand medicaid eligibility and create state-level initiatives to promote enrollment in existing insurance programs."
50,base,"objective: lower the prescription drug costs for low-income individuals by 20% over the next four years, strategy: negotiate bulk purchasing agreements for essential medications and establish a state-run pharmacy program to reduce prices."
50,base,"objective: increase the number of healthcare professionals serving low-income areas by 25% within five years, strategy: create loan forgiveness and scholarship programs for medical professionals who commit to practice in underserved communities."
50,base,"objective: decrease the rate of preventable hospitalizations in low-income neighborhoods by 25% within three years, strategy: invest in community health worker programs to provide outreach, education, and support to at-risk populations."
50,base,"objective: raise awareness of mental health services and increase access for underrepresented communities, aiming for a 30% increase in service utilization in two years, strategy: develop targeted outreach campaigns and partnerships with local organizations to destigmatize mental health care and promote available resources."
50,base,"objective: reduce out-of-pocket healthcare expenses for low-income families by 30% in three years, strategy: implement a sliding scale subsidy program for health insurance premiums based on income levels."
50,chaining,Do nothing.
50,chaining,"objective: increase the availability of affordable mental health resources in urban areas by 40% within 4 years, strategy: create partnerships with local universities to train and deploy mental health professionals in community centers."
50,chaining,"objective: increase access to mental health support for rural populations by 50% within 4 years, strategy: develop teletherapy initiatives that connect rural residents with licensed therapists through digital platforms."
50,chaining,"objective: achieve a 30% reduction in hospital readmissions among low-income patients within 2 years, strategy: implement comprehensive discharge planning and follow-up support programs that connect patients with community resources."
50,chaining,"objective: ensure 80% of low-income families have access to mental health resources within 5 years, strategy: develop a network of community-based mental health partnerships that includes schools, religious organizations, and local businesses to provide accessible counseling services."
50,chaining,"objective: increase the number of low-income individuals participating in wellness programs by 45% within 3 years, strategy: collaborate with local fitness centers to offer free or discounted memberships and wellness classes for low-income residents."
50,chaining,"objective: improve access to affordable healthcare for immigrant populations by 30% within 4 years, strategy: develop culturally competent healthcare navigation services that assist immigrants in overcoming barriers to care."
50,chaining,"objective: ensure 90% of low-income individuals are enrolled in health insurance programs by 2025, strategy: create a mobile enrollment unit that travels to underserved areas to assist individuals with health insurance applications and education."
50,chaining,"objective: ensure that 85% of low-income families have access to pediatric care by 2024, strategy: partner with local schools to establish on-site health clinics that provide regular pediatric check-ups and vaccinations."
50,chaining,"objective: lower prescription drug costs for low-income individuals by 25% within 2 years, strategy: negotiate bulk purchasing agreements and establish a prescription assistance program to provide medications at reduced costs."
50,chaining,"objective: reduce healthcare-related transportation barriers for low-income patients by 40% within 3 years, strategy: develop a rideshare partnership that offers subsidized transportation services to and from healthcare appointments."
50,chaining,"objective: ensure that 90% of children in low-income households have access to affordable healthcare by 2025, strategy: strengthen partnerships with schools and community organizations to provide health services and insurance enrollment assistance on-site."
50,chaining,"objective: ensure that 75% of low-income families receive annual dental check-ups by 2025, strategy: partner with dental schools to provide free dental clinics in low-income neighborhoods offering regular check-ups and preventive care."
50,chaining,"objective: increase the percentage of low-income individuals receiving nutritional counseling by 45% within 3 years, strategy: collaborate with local food banks to provide integrated health and nutrition education programs alongside food distribution efforts."
50,chaining,"objective: increase the number of community health workers in urban areas by 50% within 5 years, strategy: create a training and certification program for community members to serve as health advocates in their neighborhoods."
50,chaining,"objective: achieve a 20% increase in the number of low-income adults participating in chronic disease management programs within 3 years, strategy: develop partnerships with local pharmacies to offer free health coaching and medication management services."
50,chaining,"objective: increase the rate of annual health check-ups among low-income individuals by 45% within 3 years, strategy: partner with local employers to provide incentives for employees to seek preventative healthcare services."
50,chaining,"objective: achieve a 30% reduction in the number of low-income individuals experiencing food insecurity within 3 years, strategy: implement a community nutrition initiative that integrates healthcare services with local food banks to provide holistic support."
50,chaining,"objective: reduce the rate of uninsured children by 25% within 4 years, strategy: launch a statewide enrollment drive that simplifies the application process for children's health insurance programs."
50,chaining,"objective: decrease the percentage of low-income individuals who skip necessary medications due to cost by 40% within 3 years, strategy: establish a community pharmacy program that provides low-cost or free medications to eligible individuals through partnerships with pharmaceutical companies."
50,chaining,"objective: achieve a 50% reduction in wait times for healthcare appointments for low-income individuals within 2 years, strategy: optimize scheduling systems and increase the number of available appointment slots in community clinics."
50,chaining,"objective: increase access to affordable reproductive health services for low-income women by 40% within 3 years, strategy: collaborate with community health organizations to provide free reproductive health workshops and services at local clinics."
50,chaining,"objective: achieve a 50% increase in the number of low-income families receiving preventive care services within 3 years, strategy: implement a mobile health clinic program that travels to underserved neighborhoods providing free health screenings and education."
50,chaining,"objective: raise awareness of healthcare rights and resources among 75% of low-income residents within 3 years, strategy: launch a multimedia campaign utilizing social media, local radio, and community events to disseminate information about healthcare access."
50,chaining,"objective: achieve a 50% increase in preventive health screenings among low-income seniors within 3 years, strategy: create a community outreach program that organizes transportation services to health facilities offering free screenings for seniors."
50,chaining,"objective: ensure 75% of low-income families have health insurance coverage by 2026, strategy: launch a community-driven enrollment initiative that provides personalized assistance in navigating health insurance options during open enrollment periods."
50,chaining,"objective: increase access to affordable mental health services for adolescents by 30% within 3 years, strategy: establish school-based mental health programs that provide free counseling and support services to students."
50,chaining,"objective: increase the percentage of low-income populations receiving annual physical exams by 40% within 3 years, strategy: launch a public health campaign that promotes the importance of annual check-ups through local media and community events."
50,chaining,"objective: achieve a 40% increase in the number of low-income individuals participating in health coaching programs within 3 years, strategy: collaborate with local health organizations to provide free health coaching and lifestyle workshops in community centers."
50,chaining,"objective: achieve a 50% reduction in the wait times for specialists among low-income patients within 3 years, strategy: implement a referral system that prioritizes low-income patients and streamlines the scheduling process for specialty appointments."
50,chaining,"objective: increase the number of low-income individuals receiving comprehensive diabetes management support by 50% within 4 years, strategy: develop community-based diabetes education and support groups that offer resources, cooking classes, and health monitoring."
50,chaining,"objective: increase the availability of affordable telehealth services for rural populations by 40% within 3 years, strategy: partner with local internet providers to improve broadband access and offer subsidized telehealth platforms specifically for rural residents."
50,chaining,"objective: improve healthcare access for homeless individuals by 50% within 2 years, strategy: create outreach teams that provide mobile health services and connect individuals with local shelters and healthcare resources."
50,chaining,"objective: ensure that 80% of low-income populations have access to dental care by 2026, strategy: fund mobile dental units that provide free or low-cost dental services in underserved communities."
50,chaining,"objective: reduce the number of emergency room visits due to lack of primary care access by 20% within 2 years, strategy: launch a telehealth initiative that connects patients in need with primary care providers for affordable virtual consultations."
50,chaining,"objective: reduce health-related disparities among racial and ethnic minorities by 25% within 5 years, strategy: implement targeted health outreach programs that engage and educate minority communities about available healthcare services and resources."
50,chaining,"objective: increase health literacy among low-income populations by 35% within 3 years, strategy: develop and distribute culturally relevant educational materials and workshops focused on navigating healthcare systems and understanding health insurance options."
50,chaining,"objective: increase access to affordable vision care for low-income families by 50% within 5 years, strategy: partner with local optometrists to offer free eye exams and discounted eyewear in underserved areas."
50,chaining,"objective: enhance mental health service accessibility for 60% of low-income individuals within 5 years, strategy: expand funding for community mental health centers and integrate mental health services into primary care settings."
50,chaining,"objective: increase the percentage of uninsured individuals with access to affordable healthcare by 25% within 5 years, strategy: expand medicaid eligibility and create a public option for healthcare insurance."
50,chaining,"objective: ensure that 70% of low-income individuals understand their health insurance options by 2025, strategy: develop a community ambassador program that trains local residents to provide one-on-one assistance with health insurance education."
50,chaining,"objective: reduce the percentage of low-income individuals who report unmet healthcare needs by 30% within 4 years, strategy: launch a mobile health unit initiative that provides on-site services and education in underserved neighborhoods."
50,chaining,"objective: reduce healthcare-related bankruptcies among low-income households by 20% within 2 years, strategy: establish a financial counseling program that assists families in managing medical expenses and understanding their insurance benefits."
50,chaining,"objective: increase the availability of affordable telemedicine services by 60% within 3 years, strategy: partner with technology companies to develop user-friendly telehealth platforms that offer low-cost virtual consultations."
50,chaining,"objective: raise the percentage of low-income adults receiving preventive screenings by 40% within 4 years, strategy: implement community challenge events that incentivize participation in health screenings and wellness activities."
50,chaining,"objective: reduce out-of-pocket healthcare expenses for low-income families by 30% within 3 years, strategy: implement a sliding scale for healthcare costs based on income levels and enhance subsidies for health insurance premiums."
50,chaining,"objective: reduce the incidence of chronic diseases in low-income populations by 30% within 5 years, strategy: launch community-based wellness programs focusing on nutrition, physical activity, and chronic disease management tailored for local demographics."
50,chaining,"objective: increase the number of low-income individuals receiving substance abuse treatment by 35% within 4 years, strategy: create mobile treatment units that provide accessible substance abuse services in high-need areas."
50,chaining,"objective: achieve a 40% increase in the number of healthcare providers in rural areas within 6 years, strategy: implement loan forgiveness and scholarship programs for medical professionals who commit to practice in rural and underserved communities."
50,chaining,"objective: increase the percentage of low-income individuals receiving mental health support by 50% within 3 years, strategy: create a referral network connecting low-income individuals with free or subsidized mental health resources through local nonprofits."
50,chaining,"objective: ensure that 75% of low-income residents are aware of available healthcare programs by 2025, strategy: establish community information hubs that provide resources and assistance for navigating healthcare options."
50,chaining,"objective: reduce the incidence of mental health crises among low-income populations by 25% within 5 years, strategy: establish community-based mental health crisis intervention teams that provide immediate support and resources in times of need."
50,chaining,"objective: increase enrollment in health insurance programs by 15% annually for the next 3 years, strategy: implement targeted outreach campaigns that educate and assist individuals in applying for available health coverage options."
50,chaining,"objective: improve healthcare access for individuals with disabilities by 35% within 4 years, strategy: establish partnerships with local clinics to ensure compliance with accessibility standards and provide specialized services for individuals with disabilities."
50,chaining,"objective: reduce the percentage of low-income individuals who forgo necessary healthcare due to cost by 30% within 3 years, strategy: implement a community fund that provides vouchers for low-income patients to cover copays and out-of-pocket expenses."
50,chaining,"objective: enhance the coordination of care for low-income patients with chronic illnesses by 35% within 3 years, strategy: establish integrated care teams that include healthcare providers, social workers, and community health workers to support patients holistically."
50,chaining,"objective: achieve a 60% increase in preventive screenings among low-income women within 3 years, strategy: launch a partnership with local organizations to offer free health fairs that include comprehensive health screenings and education."
50,chaining,"objective: increase the rate of vaccinations among low-income children to 90% within 3 years, strategy: implement school-based vaccination drives in collaboration with local health departments to provide free vaccinations."
50,chaining,"objective: improve access to preventative healthcare services for 50% of low-income communities within 4 years, strategy: establish community health initiatives that offer free or low-cost screenings and vaccinations in underserved areas."
50,axis,Do nothing.
50,axis,"objective: achieve a 35% increase in the participation of low-income families in preventive healthcare programs within two years, strategy: implement community-based incentive programs that reward families for attending preventive screenings and health education workshops."
50,axis,"objective: ensure that 90% of low-income households are aware of available healthcare subsidies within 24 months, strategy: partner with local non-profits and community organizations to conduct door-to-door campaigns and informational sessions about subsidy options."
50,axis,"objective: establish a national database of best practices for protecting patient privacy in healthcare settings within 24 months, strategy: collaborate with industry leaders to compile and disseminate effective privacy protection strategies across healthcare organizations."
50,axis,"objective: increase the number of healthcare providers trained in data privacy and patient confidentiality by 50% within three years, strategy: implement a mandatory certification program for healthcare professionals focused on privacy laws and best practices in patient information management."
50,axis,"objective: reduce healthcare disparities for lgbtq+ individuals by 50% within five years, strategy: develop comprehensive training programs for healthcare providers on lgbtq+ health issues and create inclusive policies in healthcare settings."
50,axis,"objective: increase the percentage of women receiving comprehensive reproductive healthcare by 40% within three years, strategy: establish mobile reproductive health clinics that provide services in underserved areas and promote awareness of available resources."
50,axis,"objective: increase access to preventive health services for homeless populations by 50% within two years, strategy: partner with local shelters and outreach organizations to provide mobile health clinics that deliver preventive care and health education directly to those in need."
50,axis,"objective: boost the number of healthcare facilities providing affordable services in rural areas by 50% within five years, strategy: establish grants and incentives for healthcare providers willing to set up practices in medically underserved regions."
50,axis,"objective: increase the number of telehealth consultations for low-income patients by 40% in the next 18 months, strategy: develop a public-private partnership to enhance broadband access in rural and underserved urban areas to facilitate telehealth services."
50,axis,"objective: increase the number of local health coalitions addressing specific health issues by 30% in the next two years, strategy: provide grants and resources to empower community groups to create coalitions focused on addressing prevalent health challenges in their areas."
50,axis,"objective: increase participation in community health fairs by 50% over the next two years, strategy: collaborate with local businesses and schools to promote and sponsor free health fairs that offer screenings, wellness education, and access to healthcare resources."
50,axis,"objective: achieve a 40% increase in health literacy among low-income communities within two years, strategy: launch a community-led health literacy initiative that includes workshops, peer education programs, and accessible educational materials tailored to diverse learning needs."
50,axis,"objective: ensure that 60% of patients report an increase in their understanding of health insurance options within two years, strategy: implement community workshops and online webinars that educate patients about different health insurance plans, coverage options, and how to choose the best fit for their needs."
50,axis,"objective: reduce the incidence of unauthorized access to patient health records by 30% within three years, strategy: implement advanced authentication methods and regular audits of access logs in healthcare facilities to safeguard patient information."
50,axis,"objective: improve the privacy compliance rate of healthcare organizations to 90% within three years, strategy: establish a benchmarking system that measures and promotes adherence to privacy regulations among healthcare providers."
50,axis,"objective: increase the number of patients utilizing secure online patient portals to access healthcare information by 60% within 18 months, strategy: collaborate with technology companies to create user-friendly, secure platforms that encourage patient engagement and information access."
50,axis,"objective: enhance the ability of patients to manage their own health records by 40% within two years, strategy: implement a nationwide initiative that provides training on personal health record management and promotes the use of secure online platforms for accessing and managing health information."
50,axis,"objective: ensure that 90% of patients from underserved communities report satisfaction with their healthcare experience within three years, strategy: implement regular feedback mechanisms, such as surveys and focus groups, to gather input from patients and address their specific needs and concerns."
50,axis,"objective: enhance the reporting of privacy violations in healthcare systems by 50% within two years, strategy: develop a confidential reporting mechanism that encourages healthcare employees to report breaches without fear of retaliation."
50,axis,"objective: increase the percentage of uninsured individuals who gain access to affordable healthcare by 30% within the next three years, strategy: expand outreach programs that educate communities about available healthcare resources and subsidized insurance options."
50,axis,"objective: raise awareness of patient rights regarding data privacy to 80% of healthcare consumers within two years, strategy: launch a public education campaign that informs individuals about their privacy rights and how to safeguard their personal health information."
50,axis,"objective: achieve a 20% reduction in prescription drug costs for low-income households within four years, strategy: advocate for and implement bulk purchasing agreements for essential medications through state and local health departments."
50,axis,"objective: increase the number of culturally competent healthcare providers by 40% within four years, strategy: implement scholarships and loan forgiveness programs for healthcare students who commit to serving in diverse communities post-graduation."
50,axis,"objective: achieve a 25% increase in patient participation in health advocacy groups within three years, strategy: develop a national network of health advocacy organizations that provide resources and support for patients to effectively engage in healthcare policy discussions."
50,axis,"objective: achieve a 30% increase in the number of patients actively participating in shared decision-making processes with their healthcare providers within 18 months, strategy: establish a training program for healthcare providers focused on techniques to facilitate patient engagement and shared decision-making in clinical settings."
50,axis,"objective: achieve a 25% increase in the availability of affordable mental health services in urban areas within three years, strategy: create partnerships with private mental health organizations to subsidize services for low-income individuals and families."
50,axis,"objective: ensure that 75% of healthcare organizations adopt patient consent management systems within 18 months, strategy: provide financial incentives and technical assistance for organizations to implement systems that enhance patient control over data sharing."
50,axis,"objective: improve the accessibility of mental health services for individuals with disabilities by 60% within three years, strategy: collaborate with disability advocacy groups to identify barriers and implement tailored solutions that ensure equitable access to mental health resources."
50,axis,"objective: reduce out-of-pocket healthcare expenses for low-income families by 25% over the next five years, strategy: implement a sliding scale pricing model for community health clinics based on income levels."
50,axis,"objective: improve access to preventive healthcare services for at least 50% of underserved populations within two years, strategy: partner with local organizations to establish mobile health clinics that provide free or low-cost preventive services in high-need areas."
50,axis,"objective: increase the number of healthcare providers who offer sliding scale payment options by 50% within three years, strategy: develop a certification program to incentivize providers to adopt flexible payment models, along with marketing support to promote these services to low-income patients."
50,axis,"objective: expand mental health service access to 60% of individuals in need within three years, strategy: increase funding for training programs that prepare primary care providers to deliver mental health services in their practices."
50,axis,"objective: boost the number of health literacy workshops in underserved areas by 60% within three years, strategy: partner with libraries, schools, and community centers to provide regular workshops that educate residents about navigating the healthcare system and understanding health insurance options."
50,axis,"objective: achieve a 35% increase in health insurance enrollment among immigrant populations within two years, strategy: partner with immigrant advocacy organizations to conduct outreach and provide assistance with enrollment processes in culturally sensitive ways."
50,axis,"objective: raise the percentage of patients who feel confident navigating the healthcare system by 40% within two years, strategy: create a mentorship program connecting experienced patients with newly diagnosed individuals to foster knowledge-sharing and support in navigating healthcare resources."
50,axis,"objective: establish community-led health forums in 75% of neighborhoods with high healthcare disparities within 18 months, strategy: facilitate partnerships with local organizations to organize monthly forums where residents can discuss health needs and collaborate on solutions."
50,axis,"objective: increase the representation of marginalized communities in healthcare decision-making bodies by 50% within three years, strategy: establish mentorship programs and training workshops for community members to equip them with the skills needed to participate effectively in health policy discussions."
50,axis,"objective: have 50% of local schools implement health and wellness programs within two years, strategy: collaborate with educational institutions to integrate health education into the curriculum and offer after-school programs focusing on physical and mental well-being."
50,axis,"objective: ensure that 80% of community health centers offer language interpretation services within 18 months, strategy: provide funding and resources to train bilingual staff and implement tele-interpretation services for non-english speaking patients."
50,axis,"objective: increase the percentage of patients who feel their cultural and personal beliefs are respected in healthcare settings by 50% within three years, strategy: establish cultural competency training for healthcare providers that emphasizes the importance of understanding and respecting diverse patient backgrounds and beliefs."
50,axis,"objective: enhance collaboration between healthcare providers and community organizations to improve healthcare access for 40% of low-income families within 24 months, strategy: develop a network of local providers and community organizations to create a referral system that connects families to necessary services."
50,axis,"objective: achieve a 40% reduction in data breaches in healthcare institutions within two years, strategy: establish a national cybersecurity initiative that provides resources and training for healthcare facilities to protect patient data."
50,axis,"objective: raise awareness of existing healthcare coverage options to 70% of eligible individuals within two years, strategy: launch a comprehensive media campaign utilizing social media, television, and community events to inform citizens about available healthcare programs."
50,axis,"objective: achieve a 30% increase in the number of healthcare providers trained in trauma-informed care within two years, strategy: develop and mandate a training curriculum for all healthcare providers that focuses on understanding and addressing the impact of trauma on health outcomes."
50,axis,"objective: establish health equity task forces in 75% of local healthcare systems within 18 months, strategy: create a framework for task forces that includes diverse representation and a mandate to address health disparities through targeted initiatives and community engagement."
50,axis,"objective: decrease the average wait time for healthcare appointments in low-income communities by 30% over the next three years, strategy: implement a centralized scheduling system that optimizes appointment availability across local clinics and hospitals."
50,axis,"objective: engage 40% of local communities in health advocacy initiatives within three years, strategy: create a community health ambassador program that trains local volunteers to advocate for affordable healthcare solutions and engage residents in discussions."
50,axis,"objective: ensure that 75% of patients report feeling empowered to advocate for their own healthcare needs within two years, strategy: launch a public awareness campaign that highlights patient rights and offers resources on how to effectively communicate with healthcare providers."
50,axis,"objective: improve the rate of chronic disease management among low-income populations by 30% in the next two years, strategy: create community health worker programs that provide support and education on managing chronic diseases within local neighborhoods."
50,axis,"objective: raise community awareness of mental health resources by 50% within two years, strategy: launch interactive community campaigns, including art and storytelling events, to destigmatize mental health issues and promote available services."
50,axis,"objective: ensure that 100% of healthcare facilities provide culturally and linguistically appropriate services within five years, strategy: develop and enforce standards for cultural competence and language access in healthcare settings, along with ongoing assessments for compliance."
50,axis,"objective: increase the number of individuals participating in community fitness programs by 40% in the next 18 months, strategy: partner with local fitness centers and community organizations to offer free or low-cost fitness classes and wellness events in public spaces."
50,axis,"objective: increase the percentage of patients who understand their treatment options by 50% within three years, strategy: develop and distribute clear, multilingual educational materials that explain treatment options and empower patients to ask questions during medical appointments."
50,axis,"objective: increase the number of patients utilizing digital health tools for self-management by 50% within three years, strategy: partner with technology companies to create user-friendly apps that provide personalized health tracking and educational resources tailored to individual patient needs."
50,axis,"objective: increase the number of healthcare facilities offering training on digital health literacy to 50% within the next two years, strategy: partner with educational institutions to create training programs that teach patients about privacy issues related to digital health tools."
50,axis,"objective: increase the number of individuals enrolled in preventive health programs by 25% within two years, strategy: introduce incentives for employers to offer comprehensive health and wellness programs that include preventive care education and screenings."
50,axis,"objective: increase enrollment in medicaid and chip by 30% among eligible families within two years, strategy: launch a targeted outreach campaign that utilizes local influencers and community leaders to educate families about the enrollment process and available benefits."
50,axis,"objective: increase the number of community-led health initiatives by 35% over the next three years, strategy: establish a funding program that supports grassroots health projects designed and implemented by community members to address their specific healthcare needs."
50,stakeholder,Do nothing.
50,stakeholder,"objective: achieve a 50% reduction in administrative burdens for small healthcare providers by 2025, strategy: streamline regulatory processes and implement a unified electronic health record system that ensures interoperability."
50,stakeholder,"objective: increase the number of preventive health screenings conducted among low-income populations by 45% within three years, strategy: collaborate with local businesses to host health fairs that offer free screenings and educational workshops in community centers."
50,stakeholder,"objective: reduce the prescription drug costs for low-income families by 25% within four years, strategy: implement a state-wide bulk purchasing program for essential medications."
50,stakeholder,"objective: enhance the integration of mental health services within primary care settings by 50% within three years, strategy: develop training programs for primary care providers on the importance of mental health assessments and referrals, creating a more holistic approach to patient care."
50,stakeholder,"objective: reduce out-of-pocket healthcare expenses for low-income families by 30% within three years, strategy: implement a sliding scale payment system for healthcare services based on income levels."
50,stakeholder,"objective: increase the number of telehealth consultations among low-income patients by 70% within three years, strategy: provide subsidized technology and internet access to patients in need to facilitate remote healthcare services."
50,stakeholder,"objective: achieve a 30% increase in patient advocacy representation from non-profits within two years, strategy: establish a patient advocacy network that empowers non-profit organizations to represent community health interests at local and state levels."
50,stakeholder,"objective: increase the number of community health workers serving medically underserved populations by 40% within three years, strategy: develop a training and certification program for community health workers focused on the unique needs of underserved communities."
50,stakeholder,"objective: improve cultural competency among healthcare providers by 50% within four years, strategy: implement mandatory ongoing education programs that focus on the cultural and social determinants of health affecting diverse populations."
50,stakeholder,"objective: increase the percentage of employers offering affordable health insurance to their employees to 85% by 2026, strategy: create tax incentives for small businesses that provide comprehensive health benefits to their workforce."
50,stakeholder,"objective: improve telehealth service utilization by 50% among rural communities by 2024, strategy: invest in broadband infrastructure and promote telehealth services as a viable option for primary care."
50,stakeholder,"objective: increase the percentage of uninsured individuals with access to affordable healthcare services to 90% by 2025, strategy: expand medicaid eligibility and subsidize health insurance premiums through state and federal partnerships."
50,stakeholder,"objective: increase preventive care participation among low-income families by 40% within three years, strategy: create a community navigator program that connects families to local health resources and incentivizes participation in preventive care programs."
50,stakeholder,"objective: achieve a 50% increase in the availability of mental health crisis intervention services in underserved areas within two years, strategy: create partnerships with local mental health organizations to establish crisis response teams in collaboration with community services."
50,stakeholder,"objective: achieve a 20% increase in mental health service access for low-income individuals within three years, strategy: partner with local mental health organizations to integrate services into primary care settings."
50,stakeholder,"objective: increase the availability of affordable childcare services during medical appointments by 50% within three years, strategy: collaborate with community organizations to provide subsidized childcare options for families attending health services."
50,stakeholder,"objective: ensure that 75% of low-income patients receive timely preventive care services within four years, strategy: create a mobile health unit program that provides free preventive care screenings and educational workshops in underserved neighborhoods."
50,stakeholder,"objective: boost patient empowerment initiatives leading to a 50% increase in patient engagement scores by 2025, strategy: implement shared decision-making tools and resources that educate patients about their treatment options and rights."
50,stakeholder,"objective: improve the rate of uninsured individuals receiving primary care services by 50% within five years, strategy: establish a network of community health workers who assist individuals in navigating healthcare options, including enrollment in affordable health plans."
50,stakeholder,"objective: improve access to preventive care services through non-profit organizations by 45% within three years, strategy: partner with non-profits to implement community health fairs that offer free screenings and preventive services to local residents."
50,stakeholder,"objective: increase the engagement of low-income families with non-profit health initiatives by 50% within three years, strategy: launch a community ambassador program where local residents promote and facilitate participation in health programs."
50,stakeholder,"objective: improve the accessibility of mental health resources provided by non-profits by 50% within four years, strategy: create a centralized online platform where non-profits can share resources, programs, and support networks for mental health."
50,stakeholder,"objective: achieve a 25% increase in the enrollment of low-income individuals in health insurance programs within two years, strategy: launch a statewide outreach campaign that includes door-to-door education and assistance in navigating enrollment processes."
50,stakeholder,"objective: achieve a 25% reduction in healthcare costs for low-income families over the next four years, strategy: promote the establishment of cooperative health purchasing groups that allow families to collectively negotiate for lower rates on medical services and insurance premiums."
50,stakeholder,"objective: increase the number of healthcare providers accepting medicaid by 25% over the next five years, strategy: launch a provider incentive program that offers financial support and resources for practices that expand medicaid acceptance."
50,stakeholder,"objective: enhance mental health service availability through non-profit organizations by 50% over the next four years, strategy: create a funding pool for non-profits to develop community-based mental health support services and training for volunteers."
50,stakeholder,"objective: enhance patient satisfaction scores related to healthcare accessibility by 30% within two years, strategy: launch a patient feedback initiative that actively gathers and addresses concerns related to appointment availability and service access."
50,stakeholder,"objective: expand telehealth access to 80% of the population in remote areas by 2026, strategy: foster partnerships with technology companies to provide low-cost telehealth solutions and ensure device availability for patients."
50,stakeholder,"objective: improve transparency in healthcare pricing for patients by 70% within three years, strategy: mandate that healthcare providers publish clear and understandable pricing information for services and procedures online."
50,stakeholder,"objective: increase the utilization of preventive healthcare services among minority populations by 50% within three years, strategy: conduct culturally tailored outreach initiatives that educate communities on the importance of preventive care and available resources."
50,stakeholder,"objective: increase health insurance literacy among low-income individuals by 60% within two years, strategy: implement community workshops that provide comprehensive education on health insurance options, benefits, and enrollment processes."
50,stakeholder,"objective: enhance access to preventative healthcare screenings for 75% of at-risk populations within five years, strategy: launch community health outreach programs that provide free or low-cost screenings and education in underserved areas."
50,stakeholder,"objective: improve the accessibility of mental health services in rural areas by 30% within two years, strategy: implement a network of mobile mental health units that travel to underserved communities."
50,stakeholder,"objective: achieve a 40% increase in collaboration between non-profits and local healthcare providers within two years, strategy: establish a partnership framework that incentivizes joint initiatives focused on improving healthcare access and education."
50,stakeholder,"objective: increase access to affordable prescription medications for 60% of low-income individuals within three years, strategy: establish a public-private partnership to create a prescription drug discount program that is easily accessible for eligible patients."
50,stakeholder,"objective: increase access to affordable mental health services for low-income families by 35% within three years, strategy: establish a sliding scale fee structure for mental health services based on income and family size."
50,stakeholder,"objective: achieve a 60% increase in the number of low-income individuals receiving mobile health services within two years, strategy: partner with local non-profits to expand mobile health outreach initiatives in high-need areas."
50,stakeholder,"objective: increase the number of community health clinics in underserved urban areas by 25% by 2026, strategy: provide grants and incentives to organizations that establish and operate these clinics."
50,stakeholder,"objective: increase the number of non-profit organizations providing health education workshops by 35% within three years, strategy: offer grants and resources to support the development and outreach of health education programs targeting underserved communities."
50,stakeholder,"objective: improve health literacy among low-income populations by 50% by 2025, strategy: establish community-based educational programs that focus on navigating healthcare systems and understanding health insurance options."
50,stakeholder,"objective: increase the number of non-profit-led mobile health clinics by 25% within five years, strategy: provide financial and logistical support for non-profits to acquire mobile units and establish routes in underserved areas."
50,stakeholder,"objective: enhance access to affordable dental care for low-income families by 30% within four years, strategy: implement a mobile dental clinic program that provides services in underserved neighborhoods at reduced costs."
50,stakeholder,"objective: enhance the integration of social services with healthcare for underserved populations by 40% within four years, strategy: develop a community service hub that connects healthcare providers with social service organizations to address comprehensive patient needs."
50,stakeholder,"objective: enhance cultural competency training for healthcare professionals in underserved regions by 60% within four years, strategy: develop mandatory training programs that focus on cultural sensitivity and effective communication with diverse populations."
50,stakeholder,"objective: expand the reach of telehealth services through non-profit organizations by 70% over the next four years, strategy: collaborate with tech companies to provide non-profits with the necessary tools and training to deliver telehealth services effectively."
50,stakeholder,"objective: achieve a 60% increase in the number of health literacy programs offered by non-profit organizations within two years, strategy: develop a national campaign to promote and fund health literacy initiatives tailored to diverse populations."
50,stakeholder,"objective: enhance the collaboration between hospitals and community organizations for resource sharing by 35% within three years, strategy: create a formalized network that encourages joint initiatives and resource allocation to improve health access."
50,stakeholder,"objective: increase the number of culturally tailored health education resources available to minority populations by 50% within three years, strategy: collaborate with local cultural organizations to develop and distribute health materials in multiple languages and culturally relevant formats."
50,stakeholder,"objective: decrease the number of emergency room visits for non-emergency issues by 40% over the next four years, strategy: develop a public awareness campaign to educate communities on available primary care options and the importance of routine health checks."
50,stakeholder,"objective: improve healthcare workforce adequacy by increasing the number of trained healthcare workers by 20% within five years, strategy: launch scholarship and loan forgiveness programs aimed at attracting individuals to enter the healthcare profession, particularly in underserved areas."
50,stakeholder,"objective: decrease the percentage of low-income individuals reporting unmet healthcare needs by 50% within two years, strategy: conduct a comprehensive needs assessment in underserved communities to identify gaps and allocate resources effectively."
50,stakeholder,"objective: achieve a 45% increase in health screenings for chronic diseases among at-risk populations within three years, strategy: implement community-based programs that incentivize participation in regular health screenings through rewards or benefits."
50,stakeholder,"objective: improve patient navigation services for low-income individuals by 30% within two years, strategy: establish a centralized information hotline that connects patients with community resources, services, and support."
50,stakeholder,"objective: achieve a 60% increase in the number of patients participating in chronic disease management programs within two years, strategy: implement incentivized health coaching programs that engage patients in managing their conditions through personalized plans and community support."
50,problem,Do nothing.
50,problem,"objective: reduce out-of-pocket healthcare costs for low-income families by 30% over the next three years, strategy: establish a sliding scale subsidy program for healthcare premiums and out-of-pocket expenses based on income levels."
50,problem,"objective: enhance transparency in healthcare pricing so that 80% of patients understand their costs before treatment within two years, strategy: develop an online platform that aggregates pricing information for healthcare services and medications, allowing patients to compare costs across providers."
50,problem,"objective: increase access to culturally competent healthcare services by 60% for minority populations within three years, strategy: implement training programs for healthcare providers on cultural sensitivity and language access, and establish partnerships with community organizations to facilitate outreach."
50,problem,"objective: decrease the dropout rate of telehealth appointments among low-income families by 30% within two years, strategy: develop a reminder and educational system that provides patients with information on the importance of attending telehealth appointments and how to prepare for them."
50,problem,"objective: reduce the percentage of patients facing barriers to telehealth access due to technology issues by 30% within three years, strategy: develop a community tech support program that provides assistance with devices and software for telehealth consultations."
50,problem,"objective: increase the number of minority healthcare providers in underserved areas by 25% within four years, strategy: develop scholarship and loan repayment programs targeting minority students pursuing careers in healthcare, encouraging them to serve in their communities."
50,problem,"objective: enhance job satisfaction among healthcare workers in rural communities by 40% over the next two years, strategy: introduce well-being initiatives that include regular wellness workshops, peer support groups, and flexible work arrangements to promote a healthy work-life balance."
50,problem,"objective: decrease the average healthcare premium for low-income families by 25% within the next four years, strategy: implement a public insurance option that competes with private insurers, providing affordable coverage for low-income individuals and families."
50,problem,"objective: reduce the number of uninsured individuals in urban areas by 50% within five years, strategy: implement a city-wide outreach initiative that connects residents with affordable health insurance options and assists with the enrollment process."
50,problem,"objective: increase awareness of preventative health services among low-income populations by 60% within two years, strategy: launch a targeted social media campaign that features testimonials from community members who have benefited from preventative screenings."
50,problem,"objective: increase the number of healthcare providers offering telehealth services in low-income neighborhoods by 50% within two years, strategy: create incentive programs for healthcare providers that offer grants or subsidies for the setup of telehealth technology in their practices."
50,problem,"objective: increase the number of community health centers offering sliding-scale payment options by 50% within three years, strategy: provide grant funding to support the establishment and operation of community health centers focused on serving low-income populations."
50,problem,"objective: achieve a 50% reduction in health outcome disparities among minority populations within five years, strategy: launch a community health initiative that focuses on targeted health education, screenings, and resources tailored to the unique needs of diverse communities."
50,problem,"objective: increase the percentage of uninsured individuals who gain access to affordable healthcare to 90% within five years, strategy: expand medicaid eligibility and implement outreach programs to educate communities about available coverage options."
50,problem,"objective: ensure that 80% of low-income individuals have access to telehealth services within two years, strategy: invest in broadband infrastructure and provide subsidies for telehealth platforms to facilitate remote healthcare consultations."
50,problem,"objective: improve access to mental health services for minority communities by 50% within two years, strategy: establish mobile mental health clinics that serve high-need areas and include culturally competent practitioners."
50,problem,"objective: decrease the barriers to preventative care for low-income families by 40% within three years, strategy: implement a community voucher program that allows families to obtain free or subsidized preventative screenings and health services at local clinics."
50,problem,"objective: ensure that 90% of telehealth consultations include culturally competent care for minority populations within two years, strategy: implement mandatory cultural competency training for all healthcare providers involved in telehealth services."
50,problem,"objective: reduce the number of medical bankruptcies by 25% in the next five years, strategy: implement legislation that caps out-of-pocket healthcare costs and enhances patient protections against surprise billing."
50,problem,"objective: raise awareness about career opportunities in rural healthcare settings, aiming for a 30% increase in applications for rural healthcare positions within three years, strategy: implement a marketing campaign targeting medical and nursing students, highlighting the benefits of working in rural healthcare and success stories from current providers."
50,problem,"objective: increase the number of telehealth services available to underserved communities by 40% within three years, strategy: establish partnerships with technology companies to provide free or low-cost telehealth services to low-income families, including access to mental health resources."
50,problem,"objective: increase the retention rate of healthcare providers in rural areas by 35% within three years, strategy: implement mentorship and professional development programs tailored for healthcare providers in rural settings, connecting them with experienced professionals for guidance and support."
50,problem,"objective: achieve a 50% increase in participation in state health insurance marketplaces among eligible citizens within two years, strategy: launch a statewide awareness campaign that emphasizes the benefits of health insurance coverage and provides step-by-step enrollment assistance."
50,problem,"objective: increase the availability of affordable prescription medications for low-income households by 40% within three years, strategy: negotiate bulk purchasing agreements with pharmaceutical companies and establish a statewide prescription discount program."
50,problem,"objective: enhance internet accessibility for underserved communities, achieving a 70% increase in households with reliable internet access within three years, strategy: collaborate with local internet service providers to create subsidized broadband plans specifically designed for low-income families."
50,problem,"objective: raise awareness and enrollment in existing healthcare programs so that 75% of eligible individuals are covered within two years, strategy: launch a statewide media campaign that highlights the benefits of affordable healthcare options and simplifies the enrollment process."
50,problem,"objective: increase the frequency of preventative screenings in low-income neighborhoods by 50% within three years, strategy: establish partnerships with local businesses to create incentive programs that reward customers who participate in preventative health screenings."
50,problem,"objective: foster a collaborative healthcare network that connects rural providers with urban specialists, increasing access to specialty care by 30% within four years, strategy: establish telehealth partnerships that facilitate virtual consultations between rural healthcare providers and urban specialists, enhancing patient care and provider knowledge."
50,problem,"objective: improve access to primary care services in underserved areas by increasing the number of healthcare providers by 50% within four years, strategy: launch incentive programs for healthcare professionals to practice in rural and low-income urban communities."
50,problem,"objective: achieve a 70% increase in participation in preventative health programs among low-income families within two years, strategy: collaborate with local schools and community centers to host family health events that provide free screenings and education on preventative care."
50,problem,"objective: increase community engagement in rural healthcare initiatives by 50% within two years, strategy: launch a series of community health forums to gather input from residents, fostering collaboration between healthcare providers and community members to address local health challenges."
50,problem,"objective: establish a network of rural health advocates to increase community representation in healthcare decisions, achieving 40% participation from local residents within two years, strategy: create an advocacy training program that empowers community members to actively engage in local health policy discussions and initiatives."
50,problem,"objective: reduce the turnover rate of rural healthcare workers by 25% over the next three years, strategy: create a rural healthcare incentive program that offers financial bonuses and relocation assistance for professionals who commit to working in rural areas for a defined period."
50,problem,"objective: achieve a 50% increase in the number of healthcare internships and residency placements in rural health settings within three years, strategy: partner with educational institutions to create incentives for students to complete their training in rural areas, including tuition reimbursement and housing stipends."
50,problem,"objective: improve the understanding of preventative health services among low-income families, leading to a 40% increase in screening rates within three years, strategy: develop interactive workshops in community centers that educate families on available preventative services and how to access them."
50,problem,"objective: reduce healthcare-related transportation barriers for minority populations by 30% within three years, strategy: collaborate with local transportation services to provide free or subsidized rides to medical appointments for underserved communities."
50,problem,"objective: improve telehealth service delivery satisfaction rates among low-income families by 40% within two years, strategy: establish a feedback mechanism through surveys and focus groups to gather input from users of telehealth services, informing continuous improvement efforts."
50,problem,"objective: enhance collaboration between public health officials and community organizations to reduce health disparities by 30% within five years, strategy: create a formal coalition that meets regularly to share data, resources, and strategies to address community-specific health challenges."
50,problem,"objective: achieve a 40% increase in preventive healthcare services utilization among low-income populations within three years, strategy: develop community-based health education initiatives that promote preventive care and provide free screenings in collaboration with local organizations."
50,problem,"objective: achieve a 30% increase in the number of community health partnerships focused on preventative care within two years, strategy: create a grant program to fund collaborations between health organizations and community groups that promote preventative health screenings and education."
50,problem,"objective: improve the integration of telehealth services with existing healthcare systems, increasing efficiency by 25% within three years, strategy: establish a collaborative platform that allows healthcare providers to share information and resources related to telehealth services, enhancing coordination of care."
50,problem,"objective: increase access to affordable preventive care services by 40% within three years, strategy: partner with local governments to fund free health fairs and preventive screenings in underserved neighborhoods, targeting low-income families."
50,problem,"objective: increase the percentage of individuals who receive mental health services by 50% over the next three years, strategy: integrate mental health services into primary care settings and provide training for primary care providers on mental health issues."
50,problem,"objective: enhance the efficiency of patient referral systems in rural healthcare settings by reducing referral wait times by 30% within three years, strategy: implement an integrated digital referral platform that streamlines communication between primary care providers and specialists, improving access to care for patients."
50,problem,"objective: increase the utilization of preventative screenings among low-income populations by 50% within three years, strategy: develop and distribute culturally relevant educational materials that emphasize the importance of preventative screenings, utilizing community health workers to facilitate outreach."
50,problem,"objective: foster a patient-centered healthcare environment that increases satisfaction rates among minority patients by 50% within two years, strategy: establish patient advisory boards that include minority representatives to provide feedback on healthcare services and ensure their voices are heard."
50,problem,"objective: increase the number of low-income families utilizing telehealth services by 50% within two years, strategy: launch a community-based telehealth awareness campaign that includes free workshops demonstrating how to access and use telehealth services effectively."
50,problem,"objective: enhance access to preventative screenings for low-income populations by establishing 100 new mobile health units within four years, strategy: partner with local health departments and non-profits to create a mobile unit program that travels to underserved neighborhoods, offering free screenings and health education."
50,problem,"objective: increase awareness of telehealth services among low-income families, achieving a 50% increase in knowledge by the end of two years, strategy: distribute informational materials through local schools, community centers, and faith-based organizations about the availability and benefits of telehealth services."
50,problem,"objective: achieve a 60% increase in telehealth usage among minority populations within three years, strategy: partner with local advocacy groups to conduct targeted outreach and education efforts that address cultural barriers and promote telehealth benefits."
50,problem,"objective: decrease the average wait time for healthcare services in urban areas by 30% within five years, strategy: optimize healthcare delivery systems by promoting care coordination and expanding hours of operation for clinics and urgent care centers."
50,problem,"objective: improve cultural competency training for healthcare staff in rural settings by 60% within two years, strategy: develop a comprehensive training program that includes cultural awareness workshops and community engagement activities, ensuring staff are equipped to meet the diverse needs of the population."
50,problem,"objective: enhance the financial stability of community health organizations by 30% within two years, strategy: establish a funding program that supports sustainable models for community health services, prioritizing those serving low-income populations."
50,problem,"objective: achieve a 30% increase in healthcare literacy among low-income families within two years, strategy: create a community education program that includes workshops and resources focused on understanding health insurance options and healthcare rights."
50,problem,"objective: increase the number of employers offering affordable health insurance options to their employees by 30% within three years, strategy: establish tax incentives for small businesses that provide comprehensive health insurance plans to their workforce."
50,problem,"objective: increase the enrollment of minority populations in health insurance plans by 40% within three years, strategy: create community-driven enrollment events that provide on-site assistance and resources in languages spoken by local populations."
50,problem,"objective: increase the percentage of minority patients who receive preventive care by 45% over the next four years, strategy: implement outreach campaigns that include free health fairs and wellness programs in collaboration with local organizations to promote preventive services."
